user_id,display_name,city,device_id,device_model,purchased_at,warranty_until,month,feature,efficiency,consumables,comparison
1001,陈晨,上海,D-1001,智扫通 S9 Pro,2025-10-16,2027-10-15,2026-06,全屋清扫 18 次,平均覆盖率 96%,主刷剩余 72%；滤网剩余 68%,较上月清扫次数增加 3 次
1001,陈晨,上海,D-1001,智扫通 S9 Pro,2025-10-16,2027-10-15,2026-07,全屋清扫 21 次,平均覆盖率 97%,主刷剩余 66%；滤网剩余 61%,较上月清扫次数增加 3 次
1001,陈晨,上海,D-1001,智扫通 S9 Pro,2025-10-16,2027-10-15,2026-08,全屋清扫 12 次,平均覆盖率 95%,主刷剩余 60%；滤网剩余 55%,本月数据持续更新中
1002,林然,杭州,D-1002,智扫通 M7 Max,2026-01-08,2028-01-07,2026-06,扫拖模式 14 次,平均覆盖率 94%,拖布剩余 80%；集尘袋剩余 64%,较上月清扫次数减少 2 次
1002,林然,杭州,D-1002,智扫通 M7 Max,2026-01-08,2028-01-07,2026-07,扫拖模式 17 次,平均覆盖率 96%,拖布剩余 73%；集尘袋剩余 57%,较上月清扫次数增加 3 次
1002,林然,杭州,D-1002,智扫通 M7 Max,2026-01-08,2028-01-07,2026-08,扫拖模式 9 次,平均覆盖率 95%,拖布剩余 68%；集尘袋剩余 52%,本月数据持续更新中
1003,周宁,北京,D-1003,智扫通 X10 Ultra,2025-08-22,2027-08-21,2026-06,宠物毛发模式 22 次,平均覆盖率 98%,主刷剩余 58%；滤网剩余 49%,较上月清扫次数增加 4 次
1003,周宁,北京,D-1003,智扫通 X10 Ultra,2025-08-22,2027-08-21,2026-07,宠物毛发模式 20 次,平均覆盖率 97%,主刷剩余 52%；滤网剩余 43%,较上月清扫次数减少 2 次
1003,周宁,北京,D-1003,智扫通 X10 Ultra,2025-08-22,2027-08-21,2026-08,宠物毛发模式 11 次,平均覆盖率 96%,主刷剩余 47%；滤网剩余 38%,建议关注滤网更换提醒
